control_number,species_code,genus,species,subspecies,specific_name,generic_name,wildlife_description,quantity,unit,value,country_origin_iso2c,country_imp_exp_iso2c,purpose,source_,action,disposition,disposition_date,shipment_date,import_export,port,us_co,foreign_co,file_num,description,country_origin,country_imp_exp,source
2011812312,CY0?,crocodylus,species,NA,NA,CROCODILE,SKP,1,NO,0,PE,PE,P,W,R,S,5/16/11,5/14/11,I,AT,NA,NA,2,SKP,PE,PE,W
2011812312,ML,NA,NA,NA,MAMMALS,ALL MAMMALS,TEE,7,NO,0,PE,PE,P,W,R,S,5/14/10,5/14/11,I,AT,NA,NA,2,TEE,PE,PE,W
2011812312,ML,NA,NA,NA,MAMMALS,ALL MAMMALS,BOC,5,NO,0,PE,PE,P,W,R,S,5/14/11,5/14/11,I,AT,NA,NA,2,BOC,PE,PE,W
2011812312,RE##,reptilia,NA,NA,NA,ALL REPTILES,JWL,2,NO,0,PE,PE,P,W,R,S,5/16/11,5/14/11,I,AT,NA,NA,2,JWL,PE,PE,W
2011812312,RPT?,ramphastos,species,NA,NA,TOUCAN,SKU,1,NO,0,PE,PE,P,W,R,S,5/14/10,5/14/11,I,AT,NA,NA,2,SKU,PE,PE,W
2011818299,CRUS,NA,NA,NA,"CRABS,LOBSTERS,",CRUSTACEANS,LIV,2554,NO,NA,HT,HT,T,W,C,C,7/8/11,7/1/10,I,MI,"ORNAMENTAL FISH DISTRIBUTORS,  INC.",CARAIBES FISH SHELLS AND INVERTS,3,LIV,HT,HT,W
2011818299,MATF,tropical fish,(marine spp.),NA,NA,NA,LIV,1733,NO,NA,HT,HT,T,W,C,C,7/8/11,7/1/10,I,MI,"ORNAMENTAL FISH DISTRIBUTORS,  INC.",CARAIBES FISH SHELLS AND INVERTS,3,LIV,HT,HT,W
2011818299,MOLL,NA,NA,NA,SHELLS,MOLLUSCS,LIV,149,NO,NA,HT,HT,T,W,C,C,7/8/11,7/1/10,I,MI,"ORNAMENTAL FISH DISTRIBUTORS,  INC.",CARAIBES FISH SHELLS AND INVERTS,3,LIV,HT,HT,W
2011818299,NONV,noncites entry,NA,NA,NA,OTHER INVERTEBRATE,LIV,1241,NO,NA,HT,HT,T,W,C,C,7/8/11,7/1/10,I,MI,"ORNAMENTAL FISH DISTRIBUTORS,  INC.",CARAIBES FISH SHELLS AND INVERTS,3,LIV,HT,HT,W
2013289374,FECA,caracal,caracal,NA,NA,CARACAL,TRO,1,NO,NA,ZA,ZA,H,W,C,C,6/6/13,6/3/13,I,HN,EXEMPTIONS 6 AND 7(C),JOE REGAL TAXIDERMY,1,TRO,ZA,ZA,W
2013290958,NONA,noncites entry,NA,NA,NA,AMPHIBIANS,BOD,600,GM,NA,TH,TH,P,W,R,S,6/11/13,6/7/13,I,SF,EXEMPTIONS 6 AND 7(C),EXEMPTIONS 6 AND 7(C),1,BOD,TH,TH,W
2013290969,NONA,noncites entry,NA,NA,NA,AMPHIBIANS,BOD,750,GM,NA,LA,LA,P,U,R,S,6/11/13,6/8/13,I,SF,EXEMPTIONS 6 AND 7(C),EXEMPTIONS 6 AND 7(C),1,BOD,LA,LA,U
2013291353,FECA,caracal,caracal,NA,NA,CARACAL,TRO,1,NO,NA,ZA,ZA,H,W,C,C,6/11/13,6/3/13,I,NY,EXEMPTIONS 6 AND 7(C),AFRICAN SAN TAXIDERMY,1,TRO,ZA,ZA,W
2013292596,BLBE,ursus,americanus,NA,AMERICAN BLACK,BEAR,GAB,1,NO,NA,CA,CA,H,W,R,S,6/13/13,6/8/13,I,CA,EXEMPTIONS 6 AND 7(C),EXEMPTIONS 6 AND 7(C),1,GAB,CA,CA,W
2013292599,BLBE,ursus,americanus,NA,AMERICAN BLACK,BEAR,GAB,1,NO,NA,CA,CA,H,W,R,S,6/13/13,6/8/13,I,CA,EXEMPTIONS 6 AND 7(C),EXEMPTIONS 6 AND 7(C),1,GAB,CA,CA,W
2013292603,BLBE,ursus,americanus,NA,AMERICAN BLACK,BEAR,GAB,1,NO,NA,CA,CA,H,W,R,S,6/13/13,6/8/13,I,CA,EXEMPTIONS 6 AND 7(C),EXEMPTIONS 6 AND 7(C),1,GAB,CA,CA,W
2013292932,CARI,rangifer,tarandus,NA,NA,REINDEER,HOR,4,NO,NA,CA,CA,P,W,C,C,8/8/13,6/11/13,I,SF,EXEMPTIONS 6 AND 7(C),EXEMPTIONS 6 AND 7(C),1,HOR,CA,CA,W
2013293741,NONI,noncites entry,NA,NA,NA,INSECTS,BOD,1660,GM,NA,LA,LA,P,U,R,S,6/13/13,6/13/13,I,SF,EXEMPTIONS 6 AND 7(C),EXEMPTIONS 6 AND 7(C),1,BOD,LA,LA,U
2013294700,HBES,alcelaphus,buselaphus,NA,NA,HARTEBEEST,TRO,1,NO,NA,ZA,ZA,H,W,C,C,6/18/13,6/13/13,I,MI,EXEMPTIONS 6 AND 7(C),BULL'S EYE TAXIDERMY,1,TRO,ZA,ZA,W
2013295677,PXBC,prionailurus,bengalensis,x felis catus,HYBRID,LEOPARD CAT,LIV,800,NO,NA,CA,CA,T,O,C,C,6/19/13,6/19/13,I,BL,EXEMPTIONS 6 AND 7(C),DAZZLEDOTS BENGALS,1,LIV,CA,CA,O
2013296738,AAER,alces,americanus,NA,NA,MOOSE,BOC,15.2,KG,NA,US,ID,T,W,C,C,6/20/13,6/19/13,I,SF,EXEMPTIONS 6 AND 7(C),LEE DOWNEY C/O PT KAWI RAJA,1,BOC,US,ID,W
2013296952,FECA,caracal,caracal,NA,NA,CARACAL,TRO,1,NO,NA,ZA,ZA,H,W,C,C,6/21/13,6/12/13,I,NY,EXEMPTIONS 6 AND 7(C),KARL HUMAN TAXIDERMY,1,TRO,ZA,ZA,W
2013298242,LOAF,loxodonta,africana,NA,AFRICAN,ELEPHANT,IJW,8,NO,NA,XX,XX,P,W,R,S,6/23/13,6/23/13,I,DF,EXEMPTIONS 6 AND 7(C),EXEMPTIONS 6 AND 7(C),1,IJW,XX,XX,W
2013298525,AAER,alces,americanus,NA,NA,MOOSE,TRO,1,NO,NA,CA,CA,H,W,C,C,6/25/13,6/19/13,I,PB,EXEMPTIONS 6 AND 7(C),NORTHLAND TAXIDERMY,1,TRO,CA,CA,W
2013298617,NA,NA,NA,NA,NA,NA,SPE,15,NO,0,TH,TH,S,W,C,C,6/25/13,6/11/13,I,AT,NORTH CAROLINA MUSEUM OF NATURAL SCIENCES,NA,5,SPE,TH,TH,W
2013298729,AAER,alces,americanus,NA,NA,MOOSE,HOC,110,NO,NA,US,ID,T,W,C,C,6/25/13,6/25/13,I,BA,EXEMPTIONS 6 AND 7(C),WULAN BALI JAYA,1,HOC,US,ID,W
2013298842,HIAM,hippopotamus,amphibius,NA,COMMON,HIPPOPOTAMUS,TRO,1,NO,NA,ZM,ZM,H,W,C,C,6/25/13,6/14/13,I,AT,EXEMPTIONS 6 AND 7(C),VAN STADEN SAFARIS,1,TRO,ZM,ZM,W
2013299176,LOXA,loxodonta,africana,NA,AFRICAN,ELEPHANT,IVC,11,NO,NA,XX,FR,P,O,C,C,6/26/13,6/12/13,I,MI,EXEMPTIONS 6 AND 7(C),EXEMPTIONS 6 AND 7(C),1,IVC,XX,FR,O
2013299176,ODRO,odobenus,rosmarus,NA,NA,WALRUS,IVC,8,NO,NA,XX,FR,P,O,C,C,6/26/13,6/12/13,I,MI,EXEMPTIONS 6 AND 7(C),EXEMPTIONS 6 AND 7(C),1,IVC,XX,FR,O
2013299497,NA,grosphus,limbetus,NA,NA,NA,LIV,200,NO,NA,MG,MG,T,W,C,C,6/26/13,6/26/13,I,MI,EXEMPTIONS 6 AND 7(C),ETS RREPTILIAA,1,LIV,MG,MG,W
2013300601,EL00,elephantidae,NA,NA,NA,ALL ELEPHANTS,LPS,1,NO,NA,XX,ID,P,W,R,S,6/25/13,6/25/13,I,LA,EXEMPTIONS 6 AND 7(C),EXEMPTIONS 6 AND 7(C),1,LPS,XX,ID,W
2013300763,PANP,panthera,pardus,NA,NA,LEOPARD,TRO,1,NO,NA,MZ,MZ,H,W,C,C,6/28/13,6/18/13,I,DF,EXEMPTIONS 6 AND 7(C),TROPHY EXPORTS MOZAMBIQUE,1,TRO,MZ,MZ,W
2013301326,AAER,alces,americanus,NA,NA,MOOSE,MEA,2,LB,NA,CA,CA,P,W,R,R,6/30/13,6/30/13,I,SW,EXEMPTIONS 6 AND 7(C),EXEMPTIONS 6 AND 7(C),1,MEA,CA,CA,W
2013301514,ABUF,syncerus,caffer,NA,AFRICAN,BUFFALO,TRO,1,NO,NA,TZ,TZ,H,W,C,C,7/1/13,6/3/13,I,DF,EXEMPTIONS 6 AND 7(C),TANZANIA WILDLIFE COMPANY 2000 LTD,1,TRO,TZ,TZ,W
2013301514,ELAN,taurotragus,oryx,NA,COMMON,ELAND,TRO,1,NO,NA,TZ,TZ,H,W,C,C,7/1/13,6/3/13,I,DF,EXEMPTIONS 6 AND 7(C),TANZANIA WILDLIFE COMPANY 2000 LTD,1,TRO,TZ,TZ,W
2013301514,GRKU,tragelaphus,strepsiceros,NA,GREATER,KUDU,TRO,1,NO,NA,TZ,TZ,H,W,C,C,7/1/13,6/3/13,I,DF,EXEMPTIONS 6 AND 7(C),TANZANIA WILDLIFE COMPANY 2000 LTD,1,TRO,TZ,TZ,W
2013301514,HBES,alcelaphus,buselaphus,NA,NA,HARTEBEEST,TRO,1,NO,NA,TZ,TZ,H,W,C,C,7/1/13,6/3/13,I,DF,EXEMPTIONS 6 AND 7(C),TANZANIA WILDLIFE COMPANY 2000 LTD,1,TRO,TZ,TZ,W
2013301514,HIPN,hippotragus,niger,NA,SABLE,ANTELOPE,TRO,1,NO,NA,TZ,TZ,H,W,C,C,7/1/13,6/3/13,I,DF,EXEMPTIONS 6 AND 7(C),TANZANIA WILDLIFE COMPANY 2000 LTD,1,TRO,TZ,TZ,W
2013301514,PANP,panthera,pardus,NA,NA,LEOPARD,TRO,1,NO,NA,TZ,TZ,H,W,C,C,7/1/13,6/3/13,I,DF,EXEMPTIONS 6 AND 7(C),TANZANIA WILDLIFE COMPANY 2000 LTD,1,TRO,TZ,TZ,W
2013301514,RERE,redunca,redunca,NA,COMMON,REEDBUCK,TRO,1,NO,NA,TZ,TZ,H,W,C,C,7/1/13,6/3/13,I,DF,EXEMPTIONS 6 AND 7(C),TANZANIA WILDLIFE COMPANY 2000 LTD,1,TRO,TZ,TZ,W
2013301514,SHYA,crocuta,crocuta,NA,SPOTTED,HYAENA,TRO,1,NO,NA,TZ,TZ,H,W,C,C,7/1/13,6/3/13,I,DF,EXEMPTIONS 6 AND 7(C),TANZANIA WILDLIFE COMPANY 2000 LTD,1,TRO,TZ,TZ,W
2013301514,ZEBR,equus,burchellii,NA,BURCHELL'S,ZEBRA,TRO,1,NO,NA,TZ,TZ,H,W,C,C,7/1/13,6/3/13,I,DF,EXEMPTIONS 6 AND 7(C),TANZANIA WILDLIFE COMPANY 2000 LTD,1,TRO,TZ,TZ,W
2013301942,AAER,alces,americanus,NA,NA,MOOSE,TRO,1,NO,NA,CA,CA,H,W,C,C,7/2/13,6/18/13,I,PB,EXEMPTIONS 6 AND 7(C),MAJESTIC MOUNTS,1,TRO,CA,CA,W
2013301943,AAER,alces,americanus,NA,NA,MOOSE,TRO,1,NO,NA,CA,CA,H,W,C,C,7/2/13,6/18/13,I,PB,EXEMPTIONS 6 AND 7(C),MAJESTIC MOUNTS,1,TRO,CA,CA,W
2013302084,NA,hydrocyon,species,NA,NA,NA,TRO,2,NO,NA,ZW,ZW,H,W,R,R,7/2/13,6/25/13,I,SE,EXEMPTIONS 6 AND 7(C),MATABELELAND TAXIDERMY,1,TRO,ZW,ZW,W
2013302427,ACRO,acropora,species,NA,STAGHORN,CORAL,COR,100,NO,NA,ID,ID,T,C,C,C,7/2/13,6/26/13,I,NY,EXEMPTIONS 6 AND 7(C),CV. BALI AQUARIUM,1,COR,ID,ID,C
2013302427,CACU,caulastraea,curvata,NA,TORCH,CORAL,COR,5,NO,NA,ID,ID,T,C,C,C,7/2/13,6/26/13,I,NY,EXEMPTIONS 6 AND 7(C),CV. BALI AQUARIUM,1,COR,ID,ID,C
2013302427,ECH?,echinophyllia,species,NA,NA,CORAL,COR,20,NO,NA,ID,ID,T,C,C,C,7/2/13,6/26/13,I,NY,EXEMPTIONS 6 AND 7(C),CV. BALI AQUARIUM,1,COR,ID,ID,C
2013302427,EUGL,euphyllia,glabrescens,NA,TRUMPET,CORAL,COR,5,NO,NA,ID,ID,T,C,C,C,7/2/13,6/26/13,I,NY,EXEMPTIONS 6 AND 7(C),CV. BALI AQUARIUM,1,COR,ID,ID,C
2013302427,GAFA,galaxea,fascicularis,NA,CRYSTAL,CORAL,COR,5,NO,NA,ID,ID,T,C,C,C,7/2/13,6/26/13,I,NY,EXEMPTIONS 6 AND 7(C),CV. BALI AQUARIUM,1,COR,ID,ID,C
2013302427,HYRI,hydnophora,rigida,NA,HORN,CORAL,COR,1,NO,NA,ID,ID,T,C,C,C,7/2/13,6/26/13,I,NY,EXEMPTIONS 6 AND 7(C),CV. BALI AQUARIUM,1,COR,ID,ID,C
2013302427,MOP?,montipora,species,NA,NA,CORAL,COR,10,NO,NA,ID,ID,T,C,C,C,7/2/13,6/26/13,I,NY,EXEMPTIONS 6 AND 7(C),CV. BALI AQUARIUM,1,COR,ID,ID,C
2013302427,POCY,porites,cylindrica,NA,BRANCHING,CORAL,COR,2,NO,NA,ID,ID,T,C,C,C,7/2/13,6/26/13,I,NY,EXEMPTIONS 6 AND 7(C),CV. BALI AQUARIUM,1,COR,ID,ID,C
2013302427,STPI,stylophora,pistillata,NA,CLUSTER,CORAL,COR,1,NO,NA,ID,ID,T,C,C,C,7/2/13,6/26/13,I,NY,EXEMPTIONS 6 AND 7(C),CV. BALI AQUARIUM,1,COR,ID,ID,C
2013302427,TUN?,turbinaria,species,NA,STONY,CORAL,COR,5,NO,NA,ID,ID,T,C,C,C,7/2/13,6/26/13,I,NY,EXEMPTIONS 6 AND 7(C),CV. BALI AQUARIUM,1,COR,ID,ID,C
2013302442,CROZ,crocodylus,niloticus,NA,NILE,CROCODILE,TRI,6,NO,NA,ZA,ZA,T,C,R,S,7/2/13,6/29/13,I,AT,MOOMOO DESIGNS,CHIMPEL,1,TRI,ZA,ZA,C
2013302442,CROZ,crocodylus,niloticus,NA,NILE,CROCODILE,LPS,19,NO,NA,ZA,ZA,T,C,R,S,7/2/13,6/29/13,I,AT,MOOMOO DESIGNS,CHIMPEL,1,LPS,ZA,ZA,C
2013302442,CROZ,crocodylus,niloticus,NA,NILE,CROCODILE,TRI,6,NO,NA,ZA,ZA,T,C,R,S,6/30/13,6/29/13,I,AT,MOOMOO DESIGNS,CHIMPEL,1,TRI,ZA,ZA,C
2013302442,STCA,struthio,camelus,NA,SOUTHERN AFRICAN,OSTRICH,LPS,12,NO,NA,ZA,ZA,T,C,R,S,7/2/13,6/29/13,I,AT,MOOMOO DESIGNS,CHIMPEL,1,LPS,ZA,ZA,C
2013302852,MUD?,moschus,species,NA,MUSK,DEER,MED,5,NO,NA,CN,VN,P,W,R,A,7/3/13,7/3/13,I,AT,EXEMPTIONS 6 AND 7(C),EXEMPTIONS 6 AND 7(C),1,MED,CN,VN,W
2013302852,PANT,panthera,tigris,NA,NA,TIGER,TEE,1,NO,NA,VN,VN,P,W,R,A,7/3/13,7/3/13,I,AT,EXEMPTIONS 6 AND 7(C),EXEMPTIONS 6 AND 7(C),1,TEE,VN,VN,W
2013303254,AAER,alces,americanus,NA,NA,MOOSE,TRO,1,NO,NA,CA,CA,H,W,C,C,7/5/13,7/4/13,I,SW,EXEMPTIONS 6 AND 7(C),WILDLIFE DESIGNS,1,TRO,CA,CA,W
2013303414,MOLL,NA,NA,NA,SHELLS,MOLLUSCS,BOD,200,NO,NA,XX,CN,T,W,C,C,7/5/13,7/1/13,I,AN,FISHING FOR PEARLS,WARDMON ZHANG,1,BOD,XX,CN,W
2013303581,ODRO,odobenus,rosmarus,NA,NA,WALRUS,CAR,1,NO,NA,XX,FR,P,O,C,C,7/5/13,7/2/13,I,DF,EXEMPTIONS 6 AND 7(C),GALERIE MEYER OCEANIC ART,1,CAR,XX,FR,O
2013304080,NA,idiothele,mira,NA,NA,NA,LIV,65,NO,NA,DE,DE,T,C,C,C,7/8/13,7/8/13,I,LA,EXEMPTIONS 6 AND 7(C),EXEMPTIONS 6 AND 7(C),1,LIV,DE,DE,C
2013304080,NA,pelinobius,muticus,NA,NA,NA,LIV,1,NO,NA,DE,DE,T,C,C,C,7/8/13,7/8/13,I,LA,EXEMPTIONS 6 AND 7(C),EXEMPTIONS 6 AND 7(C),1,LIV,DE,DE,C
2013305163,ELKK,cervus,elaphus,NA,NA,ELK,SKU,4,NO,NA,SK,SK,P,O,C,C,7/9/13,7/7/13,I,NW,EXEMPTIONS 6 AND 7(C),DOMINIK IMRICH,1,SKU,SK,SK,O
2013305523,SELT,ursus,thibetanus,NA,ASIAN BLACK,BEAR,MED,24,NO,NA,CN,XX,T,W,R,S,6/13/13,6/12/13,I,LA,EXEMPTIONS 6 AND 7(C),EXEMPTIONS 6 AND 7(C),1,MED,CN,XX,W
2013306175,ELEM,elephas,maximus,NA,ASIAN,ELEPHANT,IVC,32,NO,NA,XX,GB,T,O,C,C,7/10/13,7/3/13,I,NY,EXEMPTIONS 6 AND 7(C),FOCUS PACKING SERVICES LIMITED,1,IVC,XX,GB,O
2013306175,ELEM,elephas,maximus,NA,ASIAN,ELEPHANT,IVC,32,NO,NA,XX,GB,T,O,C,C,7/10/13,7/3/13,I,NY,EXEMPTIONS 6 AND 7(C),FOCUS PACKING SERVICES LIMITED,1,IVC,XX,GB,O
2013306193,AAER,alces,americanus,NA,NA,MOOSE,HAI,4452,NO,NA,US,KI,T,W,C,C,7/10/13,7/10/13,I,ME,EXEMPTIONS 6 AND 7(C),ANGLER TROUT FLIES,1,HAI,US,KI,W
2013306830,HCRR,haliotis,corrugata,NA,PINK,ABALONE,SPR,1,NO,NA,US,CA,P,O,C,C,7/11/13,7/10/13,I,ME,EXEMPTIONS 6 AND 7(C),TWELFTH FRET,1,SPR,US,CA,O
2013307308,GRTE,anas,crecca,NA,GREEN-WINGED,TEAL,TRO,1,NO,NA,PE,PE,H,W,C,C,7/12/13,7/6/13,I,AT,EXEMPTIONS 6 AND 7(C),GONZALO PAREDES PALACIOS,1,TRO,PE,PE,W
2013307308,NA,anas,puna,NA,NA,NA,TRO,1,NO,NA,PE,PE,H,W,C,C,7/12/13,7/6/13,I,AT,EXEMPTIONS 6 AND 7(C),GONZALO PAREDES PALACIOS,1,TRO,PE,PE,W
2013307672,AAER,alces,americanus,NA,NA,MOOSE,HOR,1,NO,NA,CA,CA,H,W,C,C,7/15/13,7/11/13,I,PB,EXEMPTIONS 6 AND 7(C),WILDERNESS CREATIONS,1,HOR,CA,CA,W
2013308029,ELE#,elephantidae,NA,NA,NA,ELEPHANTS,SHO,2,NO,NA,XX,MX,P,W,R,S,6/26/13,6/26/13,I,EL,EXEMPTIONS 6 AND 7(C),EXEMPTIONS 6 AND 7(C),1,SHO,XX,MX,W
2013308183,LOXA,loxodonta,africana,NA,AFRICAN,ELEPHANT,IVC,1,NO,NA,XX,FR,P,C,R,S,7/15/13,7/5/13,I,NY,EXEMPTIONS 6 AND 7(C),PIASA S.A.,1,IVC,XX,FR,C
2013308465,BLBE,ursus,americanus,NA,AMERICAN BLACK,BEAR,GAR,1,NO,NA,XX,GB,P,W,R,R,7/11/13,7/7/13,I,ME,EXEMPTIONS 6 AND 7(C),EXEMPTIONS 6 AND 7(C),1,GAR,XX,GB,W
2013309064,PANP,panthera,pardus,NA,NA,LEOPARD,TRO,1,NO,NA,ZW,ZW,H,W,C,C,7/16/13,7/8/13,I,LA,EXEMPTIONS 6 AND 7(C),ROGER WHITTALL SAFARIS,1,TRO,ZW,ZW,W
2013309106,PYTR,python,reticulatus,NA,RETICULATED,PYTHON,JWL,3,NO,NA,XX,BR,T,W,R,S,7/16/13,7/4/13,I,ME,EXEMPTIONS 6 AND 7(C),R.W. IMPORTACAO E EXPORTACAO LTDA,1,JWL,XX,BR,W
2013309612,AAER,alces,americanus,NA,NA,MOOSE,MEA,4,NO,NA,US,CA,P,W,C,C,6/5/13,6/5/13,I,SW,EXEMPTIONS 6 AND 7(C),EXEMPTIONS 6 AND 7(C),1,MEA,US,CA,W
2013309644,ELE#,elephantidae,NA,NA,NA,ELEPHANTS,SHO,2,NO,NA,XX,MX,P,W,R,S,7/7/13,7/7/13,I,EL,EXEMPTIONS 6 AND 7(C),EXEMPTIONS 6 AND 7(C),1,SHO,XX,MX,W
2013309644,ELE#,elephantidae,NA,NA,NA,ELEPHANTS,LPS,1,NO,NA,XX,MX,P,W,R,S,7/7/13,7/7/13,I,EL,EXEMPTIONS 6 AND 7(C),EXEMPTIONS 6 AND 7(C),1,LPS,XX,MX,W
2013309669,BLBE,ursus,americanus,NA,AMERICAN BLACK,BEAR,TRO,1,NO,NA,CA,CA,H,W,C,C,6/8/13,6/8/13,I,6,EXEMPTIONS 6 AND 7(C),EXEMPTIONS 6 AND 7(C),1,TRO,CA,CA,W
2013309688,BLBE,ursus,americanus,NA,AMERICAN BLACK,BEAR,TRO,1,NO,NA,CA,CA,H,W,C,C,6/8/13,6/8/13,I,6,EXEMPTIONS 6 AND 7(C),EXEMPTIONS 6 AND 7(C),1,TRO,CA,CA,W
2013309715,AAER,alces,americanus,NA,NA,MOOSE,HOR,1,NO,NA,CA,CA,H,W,C,C,6/25/13,6/25/13,I,6,EXEMPTIONS 6 AND 7(C),EXEMPTIONS 6 AND 7(C),1,HOR,CA,CA,W
2013309732,AAER,alces,americanus,NA,NA,MOOSE,HOR,2,NO,NA,CA,CA,H,W,C,C,6/26/13,6/26/13,I,6,EXEMPTIONS 6 AND 7(C),EXEMPTIONS 6 AND 7(C),1,HOR,CA,CA,W
2013309735,AAER,alces,americanus,NA,NA,MOOSE,TRO,1,NO,NA,CA,CA,H,W,C,C,6/26/13,6/26/13,I,6,EXEMPTIONS 6 AND 7(C),EXEMPTIONS 6 AND 7(C),1,TRO,CA,CA,W
2013309738,ALLM,alligator,mississippiensis,NA,AMERICAN,ALLIGATOR,JWL,1,NO,NA,US,CN,P,W,R,R,7/17/13,7/16/13,I,AN,EXEMPTIONS 6 AND 7(C),GUANGZHOU WANGXI TRADING CO. LTD,1,JWL,US,CN,W
2013310408,MOLL,NA,NA,NA,SHELLS,MOLLUSCS,SHE,1,NO,NA,TR,OM,P,W,R,S,6/15/13,6/15/13,I,AT,EXEMPTIONS 6 AND 7(C),EXEMPTIONS 6 AND 7(C),1,SHE,TR,OM,W
2013310466,ABUF,syncerus,caffer,NA,AFRICAN,BUFFALO,TRO,2,NO,NA,TZ,TZ,H,W,C,C,7/18/13,7/2/13,I,HN,BRUSH COUNTRY STUDIOS,TANZANIA BIG GAME SAFARIS LTD,1,TRO,TZ,TZ,W
2013310466,DAKO,damaliscus,korrigum,NA,NA,TOPI,TRO,2,NO,NA,TZ,TZ,H,W,C,C,7/18/13,7/2/13,I,HN,BRUSH COUNTRY STUDIOS,TANZANIA BIG GAME SAFARIS LTD,1,TRO,TZ,TZ,W
2013310466,ELAN,taurotragus,oryx,NA,COMMON,ELAND,TRO,1,NO,NA,TZ,TZ,H,W,C,C,7/18/13,7/2/13,I,HN,BRUSH COUNTRY STUDIOS,TANZANIA BIG GAME SAFARIS LTD,1,TRO,TZ,TZ,W
2013310466,HIAM,hippopotamus,amphibius,NA,COMMON,HIPPOPOTAMUS,TEE,9,NO,NA,TZ,TZ,H,W,C,C,7/18/13,7/2/13,I,HN,BRUSH COUNTRY STUDIOS,TANZANIA BIG GAME SAFARIS LTD,1,TEE,TZ,TZ,W
2013310466,HIPE,hippotragus,equinus,NA,ROAN,ANTELOPE,TRO,1,NO,NA,TZ,TZ,H,W,C,C,7/18/13,7/2/13,I,HN,BRUSH COUNTRY STUDIOS,TANZANIA BIG GAME SAFARIS LTD,1,TRO,TZ,TZ,W
2013310466,IMPA,aepyceros,melampus,NA,NA,IMPALA,TRO,1,NO,NA,TZ,TZ,H,W,C,C,7/18/13,7/2/13,I,HN,BRUSH COUNTRY STUDIOS,TANZANIA BIG GAME SAFARIS LTD,1,TRO,TZ,TZ,W
2013310466,ORIB,ourebia,ourebi,NA,NA,ORIBI,TRO,1,NO,NA,TZ,TZ,H,W,C,C,7/18/13,7/2/13,I,HN,BRUSH COUNTRY STUDIOS,TANZANIA BIG GAME SAFARIS LTD,1,TRO,TZ,TZ,W
2013310466,PANP,panthera,pardus,NA,NA,LEOPARD,TRO,1,NO,NA,TZ,TZ,H,W,C,C,7/18/13,7/2/13,I,HN,BRUSH COUNTRY STUDIOS,TANZANIA BIG GAME SAFARIS LTD,1,TRO,TZ,TZ,W
2013310466,RERE,redunca,redunca,NA,COMMON,REEDBUCK,TRO,1,NO,NA,TZ,TZ,H,W,C,C,7/18/13,7/2/13,I,HN,BRUSH COUNTRY STUDIOS,TANZANIA BIG GAME SAFARIS LTD,1,TRO,TZ,TZ,W
2013310466,WATE,kobus,ellipsiprymnus,NA,NA,WATERBUCK,TRO,2,NO,NA,TZ,TZ,H,W,C,C,7/18/13,7/2/13,I,HN,BRUSH COUNTRY STUDIOS,TANZANIA BIG GAME SAFARIS LTD,1,TRO,TZ,TZ,W
2013310466,WHOG,phacochoerus,aethiopicus,NA,DESERT,WARTHOG,TRO,1,NO,NA,TZ,TZ,H,W,C,C,7/18/13,7/2/13,I,HN,BRUSH COUNTRY STUDIOS,TANZANIA BIG GAME SAFARIS LTD,1,TRO,TZ,TZ,W
2013310493,AAER,alces,americanus,NA,NA,MOOSE,HOR,2,NO,NA,US,CA,P,W,C,C,6/24/13,6/24/13,I,SW,EXEMPTIONS 6 AND 7(C),EXEMPTIONS 6 AND 7(C),1,HOR,US,CA,W
2013310613,AAER,alces,americanus,NA,NA,MOOSE,HOR,1,NO,NA,CA,CA,H,W,C,C,6/5/13,6/5/13,I,SW,EXEMPTIONS 6 AND 7(C),EXEMPTIONS 6 AND 7(C),1,HOR,CA,CA,W
2013311404,CY0?,crocodylus,species,NA,NA,CROCODILE,LPS,1,NO,NA,XX,SG,T,W,R,R,7/17/13,6/22/13,I,ME,EXEMPTIONS 6 AND 7(C),AZIMUTH WATCH COMPANY PTE LTD,1,LPS,XX,SG,W
2013311419,FECA,caracal,caracal,NA,NA,CARACAL,TRO,1,NO,NA,ZA,ZA,H,C,C,C,7/19/13,7/4/13,I,NY,EXEMPTIONS 6 AND 7(C),TROPHY SOLUTIONS OF AFRICA,1,TRO,ZA,ZA,C
2013311941,ELE#,elephantidae,NA,NA,NA,ELEPHANTS,IVC,1,NO,NA,XX,AR,T,U,R,S,7/15/13,7/15/13,I,MI,EXEMPTIONS 6 AND 7(C),EXEMPTIONS 6 AND 7(C),1,IVC,XX,AR,U
2013311968,NONS,noncites entry,NA,NA,NA,MOLLUSCS,SPR,1,NO,NA,PH,PH,P,W,R,A,7/19/13,7/19/13,I,CH,EXEMPTIONS 6 AND 7(C),EXEMPTIONS 6 AND 7(C),1,SPR,PH,PH,W
2013312032,BLBE,ursus,americanus,NA,AMERICAN BLACK,BEAR,BON,1,NO,NA,CA,CA,H,W,C,C,6/28/13,6/5/13,I,6,EXEMPTIONS 6 AND 7(C),EXEMPTIONS 6 AND 7(C),1,BON,CA,CA,W
2013312068,LOXA,loxodonta,africana,NA,AFRICAN,ELEPHANT,KEY,52,NO,NA,XX,AR,P,O,C,C,7/22/13,7/16/13,I,SF,EXEMPTIONS 6 AND 7(C),CLAUDIA ELENA SZTARKER DE ETKIN,1,KEY,XX,AR,O
2013312085,CRL?,corallium,species,NA,RED,CORAL,CPR,9,NO,NA,XX,CN,T,W,R,R,7/22/13,7/8/13,I,AN,EXEMPTIONS 6 AND 7(C),CHUANG YUAN JIA YI ECOM CO LTD,1,CPR,XX,CN,W
2013312517,EL00,elephantidae,NA,NA,NA,ALL ELEPHANTS,IJW,1,NO,NA,TH,TH,T,W,R,S,7/19/13,7/19/13,I,DF,EXEMPTIONS 6 AND 7(C),EXEMPTIONS 6 AND 7(C),1,IJW,TH,TH,W
2013312517,EL00,elephantidae,NA,NA,NA,ALL ELEPHANTS,IJW,1,NO,NA,TH,TH,T,W,R,S,7/19/13,7/19/13,I,DF,EXEMPTIONS 6 AND 7(C),EXEMPTIONS 6 AND 7(C),1,IJW,TH,TH,W
2013312517,PANT,panthera,tigris,NA,NA,TIGER,SKP,1,NO,NA,TH,TH,T,W,R,S,7/19/13,7/19/13,I,DF,EXEMPTIONS 6 AND 7(C),EXEMPTIONS 6 AND 7(C),1,SKP,TH,TH,W
2013312517,PANT,panthera,tigris,NA,NA,TIGER,TEE,2,NO,NA,TH,TH,T,W,R,S,7/19/13,7/19/13,I,DF,EXEMPTIONS 6 AND 7(C),EXEMPTIONS 6 AND 7(C),1,TEE,TH,TH,W
2013312724,HOPH,hippopus,hippopus,NA,BEAR PAW,CLAM,SHE,1,NO,NA,CN,CN,P,W,R,A,7/23/13,7/23/13,I,CH,EXEMPTIONS 6 AND 7(C),EXEMPTIONS 6 AND 7(C),1,SHE,CN,CN,W
2013312724,NONS,noncites entry,NA,NA,NA,MOLLUSCS,SHE,2,NO,NA,CN,CN,P,W,R,A,7/23/13,7/23/13,I,CH,EXEMPTIONS 6 AND 7(C),EXEMPTIONS 6 AND 7(C),1,SHE,CN,CN,W
2013312724,SC00,scleractinia,NA,NA,STONY,CORAL,ROC,1,NO,NA,CN,CN,P,W,R,A,7/23/13,7/23/13,I,CH,EXEMPTIONS 6 AND 7(C),EXEMPTIONS 6 AND 7(C),1,ROC,CN,CN,W
2013313167,VARS,varanus,salvator,NA,WATER,MONITOR,SKI,400,NO,NA,ID,SG,T,W,C,C,7/23/13,7/19/13,I,ME,EXEMPTIONS 6 AND 7(C),KUSUMO JAYA TRADING PTE LTD,1,SKI,ID,SG,W
2013313267,MLT?,melithaea,species,NA,NA,SEA FAN,SPR,4,NO,NA,CO,CO,P,W,C,C,7/23/13,7/10/13,I,LO,EXEMPTIONS 6 AND 7(C),IRIS RIVERA,1,SPR,CO,CO,W
2013313267,NONS,noncites entry,NA,NA,NA,MOLLUSCS,SPR,50,NO,NA,CO,CO,P,W,C,C,7/23/13,7/10/13,I,LO,EXEMPTIONS 6 AND 7(C),IRIS RIVERA,1,SPR,CO,CO,W
2013313267,SC00,scleractinia,NA,NA,STONY,CORAL,CPR,10,NO,NA,CO,CO,P,W,R,S,7/23/13,7/10/13,I,LO,EXEMPTIONS 6 AND 7(C),IRIS RIVERA,1,CPR,CO,CO,W
2013313267,TUMU,tubipora,musica,NA,ORGAN-PIPE,CORAL,CPR,1,NO,NA,CO,CO,P,W,R,S,7/23/13,7/10/13,I,LO,EXEMPTIONS 6 AND 7(C),IRIS RIVERA,1,CPR,CO,CO,W
2013313815,AWIL,connochaetes,gnou,NA,BLACK,WILDEBEEST,TRO,1,NO,NA,ZA,ZA,H,W,C,C,7/24/13,7/23/13,I,SE,EXEMPTIONS 6 AND 7(C),KARL HUMAN TAXIDERMY,1,TRO,ZA,ZA,W
2013313815,BLES,damaliscus,pygargus,phillipsi,NA,BLESBOK,TRO,2,NO,NA,ZA,ZA,H,W,C,C,7/24/13,7/23/13,I,SE,EXEMPTIONS 6 AND 7(C),KARL HUMAN TAXIDERMY,1,TRO,ZA,ZA,W
2013313815,CEDA,dama,dama,NA,FALLOW,DEER,TRO,1,NO,NA,ZA,ZA,H,W,C,C,7/24/13,7/23/13,I,SE,EXEMPTIONS 6 AND 7(C),KARL HUMAN TAXIDERMY,1,TRO,ZA,ZA,W
2013313815,DADD,damaliscus,pygargus,pygargus,NA,BONTEBOK,TRO,1,NO,NA,ZA,ZA,H,W,C,C,7/24/13,7/23/13,I,SE,EXEMPTIONS 6 AND 7(C),KARL HUMAN TAXIDERMY,1,TRO,ZA,ZA,W
2013313815,FECA,caracal,caracal,NA,NA,CARACAL,TRO,1,NO,NA,ZA,ZA,H,W,C,C,7/24/13,7/23/13,I,SE,EXEMPTIONS 6 AND 7(C),KARL HUMAN TAXIDERMY,1,TRO,ZA,ZA,W
2013313815,FECA,caracal,caracal,NA,NA,CARACAL,TRO,1,NO,NA,ZA,ZA,H,W,R,A,7/24/13,7/23/13,I,SE,EXEMPTIONS 6 AND 7(C),KARL HUMAN TAXIDERMY,1,TRO,ZA,ZA,W
2013313815,NYAL,tragelaphus,angasii,NA,NA,NYALA,TRO,1,NO,NA,ZA,ZA,H,W,C,C,7/24/13,7/23/13,I,SE,EXEMPTIONS 6 AND 7(C),KARL HUMAN TAXIDERMY,1,TRO,ZA,ZA,W
2013313815,REFU,redunca,fulvorufula,NA,MOUNTAIN,REEDBUCK,TRO,1,NO,NA,ZA,ZA,H,W,C,C,7/24/13,7/23/13,I,SE,EXEMPTIONS 6 AND 7(C),KARL HUMAN TAXIDERMY,1,TRO,ZA,ZA,W
2013313815,SPRI,antidorcas,marsupialis,NA,NA,SPRINGBOK,TRO,1,NO,NA,ZA,ZA,H,W,C,C,7/24/13,7/23/13,I,SE,EXEMPTIONS 6 AND 7(C),KARL HUMAN TAXIDERMY,1,TRO,ZA,ZA,W
2013314117,ABUF,syncerus,caffer,NA,AFRICAN,BUFFALO,TRO,1,NO,NA,BJ,BJ,H,W,C,C,7/25/13,6/27/13,I,SF,EXEMPTIONS 6 AND 7(C),ALIBORI SAFARIS SARL,1,TRO,BJ,BJ,W
2013314117,REED,redunca,arundinum,NA,SOUTHERN,REEDBUCK,TRO,1,NO,NA,BJ,BJ,H,W,C,C,7/25/13,6/27/13,I,SF,EXEMPTIONS 6 AND 7(C),ALIBORI SAFARIS SARL,1,TRO,BJ,BJ,W
2013314400,LOAF,loxodonta,africana,NA,AFRICAN,ELEPHANT,SKP,6,NO,NA,ZW,ZW,H,W,R,C,9/11/13,7/18/13,I,CH,EXEMPTIONS 6 AND 7(C),SHANGAAN SAFARIS,1,SKP,ZW,ZW,W
2013314474,CT00,cetacea,NA,NA,"WHALES,DOLPHINS",ALL CETACEANS,BOP,3,NO,NA,NZ,NZ,P,W,R,S,7/8/13,7/1/13,I,SF,EXEMPTIONS 6 AND 7(C),EXEMPTIONS 6 AND 7(C),1,BOP,NZ,NZ,W
2013315135,GYAF,gyps,africanus,NA,AFR. WHITE-BACKED,VULTURE,FEA,1,NO,NA,ES,ES,P,W,R,S,7/26/13,7/26/13,I,CH,EXEMPTIONS 6 AND 7(C),EXEMPTIONS 6 AND 7(C),1,FEA,ES,ES,W
2013315196,ISOX,isurus,oxyrhinchus,NA,SHORTFIN MAKO,SHARK,JWL,2,NO,NA,WS,WS,T,W,C,C,8/9/13,7/26/13,I,HA,EXEMPTIONS 6 AND 7(C),EXEMPTIONS 6 AND 7(C),1,JWL,WS,WS,W
2013315196,MOLL,NA,NA,NA,SHELLS,MOLLUSCS,JWL,50,NO,NA,WS,WS,T,W,C,C,8/9/13,7/26/13,I,HA,EXEMPTIONS 6 AND 7(C),EXEMPTIONS 6 AND 7(C),1,JWL,WS,WS,W
2013315313,PIMX,pinctada,maxima,NA,NA,OYSTER,JWL,14,NO,NA,XX,CN,T,W,R,S,7/27/13,7/26/13,I,AN,"SHULA NEW YORK, LTD.",ICE UNIVERSAL LTD.,1,JWL,XX,CN,W
2013316465,FECO,puma,concolor,NA,NA,COUGAR,TRO,1,NO,NA,CA,CA,H,W,C,C,7/30/13,6/7/13,I,1,EXEMPTIONS 6 AND 7(C),KELOWNA TAXIDERMY INC,1,TRO,CA,CA,W
2013316465,LYNC,lynx,canadensis,NA,NORTH AMERICAN,LYNX,TRO,1,NO,NA,CA,CA,H,W,C,C,7/30/13,6/7/13,I,1,EXEMPTIONS 6 AND 7(C),KELOWNA TAXIDERMY INC,1,TRO,CA,CA,W
2013316497,BLBE,ursus,americanus,NA,AMERICAN BLACK,BEAR,TRO,1,NO,NA,CA,CA,H,W,C,C,7/30/13,6/29/13,I,1,EXEMPTIONS 6 AND 7(C),MOOSE LAKE LODGE,1,TRO,CA,CA,W
2013316697,AAER,alces,americanus,NA,NA,MOOSE,HAI,1,NO,NA,US,KE,T,W,C,C,7/30/13,7/29/13,I,ME,EXEMPTIONS 6 AND 7(C),ANGLER TROUT FLIES,1,HAI,US,KE,W
2013317426,LOXA,loxodonta,africana,NA,AFRICAN,ELEPHANT,IVC,1,NO,NA,XX,FR,P,O,C,C,7/31/13,7/30/13,I,LA,EXEMPTIONS 6 AND 7(C),SOTHEBY'S,1,IVC,XX,FR,O
2013317827,LOAF,loxodonta,africana,NA,AFRICAN,ELEPHANT,BON,2,NO,NA,ZW,ZW,H,W,C,C,8/1/13,7/4/13,I,AT,EXEMPTIONS 6 AND 7(C),TAXEIDERMY ENTERPRISES,1,BON,ZW,ZW,W
2013317951,LOXA,loxodonta,africana,NA,AFRICAN,ELEPHANT,KEY,57,NO,NA,GB,GB,P,O,C,C,8/1/13,7/9/13,I,BO,EXEMPTIONS 6 AND 7(C),PERIOD PIANO COMPANY,1,KEY,GB,GB,O
2013318011,BLBE,ursus,americanus,NA,AMERICAN BLACK,BEAR,TRO,3,NO,NA,CA,CA,H,W,C,C,8/1/13,6/7/13,I,1,EXEMPTIONS 6 AND 7(C),EXEMPTIONS 6 AND 7(C),1,TRO,CA,CA,W
2013318105,TS00,testudinidae,NA,NA,LAND,TORTOISES,SPR,1,NO,NA,XX,GB,P,O,C,C,8/1/13,7/31/13,I,NY,EXEMPTIONS 6 AND 7(C),LOCKSON SERVICES LTD,1,SPR,XX,GB,O
2013318178,NA,pteria,sterna,NA,NA,NA,POW,2,NO,NA,XX,MX,P,W,C,C,8/1/13,8/1/13,I,ME,EXEMPTIONS 6 AND 7(C),EXEMPTIONS 6 AND 7(C),1,POW,XX,MX,W
2013318369,LOAF,loxodonta,africana,NA,AFRICAN,ELEPHANT,SHO,1,NO,NA,XX,MX,T,W,R,S,7/16/13,7/16/13,I,HN,EXEMPTIONS 6 AND 7(C),EXEMPTIONS 6 AND 7(C),1,SHO,XX,MX,W
2013318369,LOAF,loxodonta,africana,NA,AFRICAN,ELEPHANT,LPS,1,NO,NA,XX,MX,T,W,R,S,7/16/13,7/16/13,I,HN,EXEMPTIONS 6 AND 7(C),EXEMPTIONS 6 AND 7(C),1,LPS,XX,MX,W
2013318592,POCI,pocillopora,species,NA,BRUSH,CORAL,COR,1,NO,NA,CN,CN,P,W,R,A,8/16/13,8/2/13,I,CH,EXEMPTIONS 6 AND 7(C),EXEMPTIONS 6 AND 7(C),1,COR,CN,CN,W
2013318642,BUTT,NA,NA,NA,NON-CITES,BUTTERFLIES,BOD,15,NO,NA,PE,PE,P,U,R,S,7/26/13,7/16/13,I,MI,EXEMPTIONS 6 AND 7(C),EXEMPTIONS 6 AND 7(C),1,BOD,PE,PE,U
2013318642,TARA,NA,NA,NA,ALL SPECIES,ALL TARANTULAS,BOD,15,NO,NA,PE,PE,P,U,R,S,7/26/13,7/16/13,I,MI,EXEMPTIONS 6 AND 7(C),EXEMPTIONS 6 AND 7(C),1,BOD,PE,PE,U
2013319134,CTRI,charonia,tritonis,NA,TRUMPET,SHELL,SHE,1,NO,NA,PH,DE,P,W,R,A,8/7/13,8/3/13,I,DE,EXEMPTIONS 6 AND 7(C),EXEMPTIONS 6 AND 7(C),1,SHE,PH,DE,W
2013319134,SC00,scleractinia,NA,NA,STONY,CORAL,ROC,2,NO,NA,PH,DE,P,W,R,A,8/7/13,8/3/13,I,DE,EXEMPTIONS 6 AND 7(C),EXEMPTIONS 6 AND 7(C),1,ROC,PH,DE,W
2013320210,ISBA,isostichopus,badionotus,NA,CHOCOLATE CHIP,SEA CUCUMBER,FIN,12,LB,NA,XX,CN,P,W,R,S,7/10/13,6/7/13,I,LA,EXEMPTIONS 6 AND 7(C),EXEMPTIONS 6 AND 7(C),1,FIN,XX,CN,W
2013320235,NA,NA,NA,NA,NA,NA,LIV,20,NO,0,BS,BS,S,W,C,C,8/6/13,7/25/13,I,MI,TRINITY UNIVERSITY,NA,3,LIV,BS,BS,W
2013320240,BD00,boidae,NA,NA,NA,BOAS,TRI,1,NO,NA,XX,CN,P,U,R,S,8/23/13,8/3/13,I,SF,EXEMPTIONS 6 AND 7(C),EXEMPTIONS 6 AND 7(C),1,TRI,XX,CN,U
2013320274,NONA,noncites entry,NA,NA,NA,AMPHIBIANS,BOD,520,GM,NA,LA,LA,P,U,R,S,8/23/13,8/5/13,I,SF,EXEMPTIONS 6 AND 7(C),EXEMPTIONS 6 AND 7(C),1,BOD,LA,LA,U